{
  "project_info": {
    "project_number": "823213311829",
    "project_id": "angelproject-da14b",
    "storage_bucket": "angelproject-da14b.appspot.com"
  },
  "client": [
    {
      "client_info": {
        "mobilesdk_app_id": "1:823213311829:android:b0f4c2a518fb8dd6d151dc",
        "android_client_info": {
          "package_name": "Robin.Do"
        }
      },
      "oauth_client": [
        {
          "client_id": "823213311829-absmsonagjhb569ibdme7bhvlemu8icb.apps.googleusercontent.com",
          "client_type": 3
        }
      ],
      "api_key": [
        {
          "current_key": "AIzaSyB41_VydFqscT-iBuXD0F0fnOJjm5-Fkgs"
        }
      ],
      "services": {
        "appinvite_service": {
          "other_platform_oauth_client": [
            {
              "client_id": "823213311829-absmsonagjhb569ibdme7bhvlemu8icb.apps.googleusercontent.com",
              "client_type": 3
            },
            {
              "client_id": "823213311829-11gbo891uub4fn8bno847d9rbtqikqhd.apps.googleusercontent.com",
              "client_type": 2,
              "ios_info": {
                "bundle_id": "Robin.Do"
              }
            }
          ]
        }
      }
    }
  ],
  "configuration_version": "1"
}